user_question,output,timestamp
how can i pair different wines with,"Based on the provided document, I can provide some general guidance on pairing wines with different foods. However, the document does not contain specific recommendations for pairing wines with particular dishes.

Wines can be classified into several categories, including grape wine, fruit wine, and honey wine. Grape wines can be further divided into red, white, rosé, and sparkling wines. Different types of wines have unique flavors and characteristics that can complement or contrast with various foods.

Red wine, which is made from red grapes, is often paired with red meat, hearty stews, and strong cheeses. Red wine is rich in tannins, which can help cut through the fat and enhance the flavor of these dishes.

White wine, which is made from white grapes, is typically paired with lighter dishes such as fish, chicken, and salads. White wine has a lighter body and can help balance the flavors of these dishes without overwhelming them.

Rosé wine, which is made from red grapes with limited skin contact, is a versatile wine that can be paired with a variety of dishes. Rosé wine has a refreshing acidity and can be served as an aperitif or with light meals.

Sparkling wine, which is made through a secondary fermentation process, is often served as a celebratory drink or with appetizers. Sparkling wine has a crisp acidity and can help cleanse the palate between bites.

Fruit wines and honey wines can be paired with desserts or fruity dishes. These wines have a sweeter flavor profile and can complement the flavors of sweet dishes.

When pairing wines with food, it's essential to consider the flavors and textures of both the wine and the dish. A general rule of thumb is to pair wines with foods that have similar flavor profiles or complementary flavors. For example, a bold and spicy red wine can be paired with a rich and flavorful stew, while a light and refreshing white wine can be paired with a delicate fish dish.

Overall, the document provides information on the classification of wines and their nutritional value but does not contain specific recommendations for pairing wines with different dishes. When pairing wines with food, it's important to consider the flavors and textures of both the wine and the dish and to look for complementary or contrasting flavors.

Response time: 1.62 seconds.",2024-11-10 22:22:47.600087
